"zip_code","dancer_in_zip"
"85356",3
"61118",1
"84183",1
"83555",1
"50739",19
"82131",2
"50670",7
"74417",4
"78467",3
"64750",1
"63128",1
"91487",1
"17129",1
"98724",2
"73734",1
"54655",3
"55283",1
"18211",1
"88376",1
"38473",1
"56253",3
"33617",1
"99897",1
"60487",3
"12359",1
"77743",1
"23564",3
"25729",1
"94350",3
"93199",1
"46397",1
"95692",1
"79730",2
"71287",2
"87672",2
"49565",2
"39628",2
"24782",2
"27245",1
"61169",1
"82418",1
"12526",1
"45472",3
"71144",1
"71701",2
"44267",9
"48599",1
"48432",2
"53557",1
"38325",2
"42389",1
"79367",1
"66954",1
"74078",1
"30161",3
"72141",3
"27321",2
"44263",13
"89186",3
"59821",1
"99988",1
"12307",11
"44795",8
"71069",2
"81675",1
"14197",1
"32130",2
"79286",1
"88069",1
"82444",2
"84187",1
"35716",1
"66453",1
"24943",1
"72070",1
"86568",2
"72475",2
"56821",1
"79674",2
"78354",2
"67482",1
"89555",3
"37327",1
"74392",1
"38707",2
"35685",2
"57572",2
"97705",3
"82389",3
"55571",3
"69118",1
"38381",2
"85101",1
"23899",2
"14513",2
"55128",2
"95173",2
"97076",1
"83483",2
"54459",2
"78559",1
"83346",2
"93188",1
"89520",1
"97833",1
"86681",3
"63801",2
"72631",1
"29646",2
"28205",1
"53507",1
"46348",1
"40723",1
"14913",1
"55629",1
"49152",2
"95497",2
"73349",2
"90513",1
"86510",2
"31595",2
"54687",1
"52499",2
"83075",1
"88273",2
"46236",2
"72589",2
"22964",1
"50676",6
"85757",2
"95509",1
"31711",1
"83627",1
"15738",2
"57271",1
"14059",2
"91610",1
"91804",2
"81549",2
"58454",2
"84332",2
"97654",2
"68549",2
"30629",1
"94572",1
"99087",1
"57537",1
"47057",1
"73434",1
"67319",1
"24327",1
"21727",2
"29588",1
"22559",6
"99085",1
"20249",10
"31712",2
"40210",8
"53560",3
"14550",1
"82054",3
"69488",2
"10179",1
"36266",5
"52379",2
"25927",1
"44807",13
"73540",2
"42853",1
"78736",2
"44894",13
"38875",2
"80636",1
"33619",4
"73278",1
"22045",5
"65479",2
"13503",1
"76891",1
"97526",2
"93494",1
"22085",6
"56271",1
"21386",1
"22523",5
"89281",1
"86556",1
"30173",2
"40627",5
"18209",1
"50737",10
"49536",3
"57648",1
"91227",1
"38124",1
"94419",4
"96050",2
"78144",1
"24805",1
"96179",2
"63628",1
"52068",1
"76879",1
"25358",1
"52146",1
"70188",1
"71563",3
"45277",11
"53894",1
"86498",2
"93080",1
"24366",1
"50939",11
"22967",2
"94548",1
"72076",1
"66640",1
"71364",1
"71726",1
"61209",1
"56867",2
"54411",4
"25767",1
"85778",2
"23717",1
"45549",1
"22926",1
"37194",1
"56567",1
"56133",1
"24806",2
"34385",1
"87452",2
"37217",2
"76865",3
"56070",1
"82008",1
"93083",1
"13583",2
"81547",1
"97503",2
"20537",9
"45138",19
"24848",2
"72393",1
"23743",2
"35647",1
"52511",1
"26831",1
"84359",3
"45659",1
"66280",1
"36129",1
"28239",1
"74523",1
"73269",2
"69437",1
"17036",2
"91346",1
"74374",2
"50667",11
"26388",1
"76596",1
"56828",1
"46286",1
"74934",1
"92706",2
"85419",1
"57074",1
"83374",1
"84069",2
"97896",1
"24407",1
"27749",1
"25373",2
"27419",1
"42119",1
"92708",2
"24259",1
"69259",3
"84171",1
"50996",6
"85386",2
"98630",1
"85614",2
"30163",2
"96170",1
"73566",2
"72810",1
"51063",12
"35576",3
"12681",4
"93059",3
"66822",1
"68642",2
"44789",9
"36199",1
"44805",11
"90762",2
"95460",2
"31693",1
"39443",1
"85221",1
"96151",2
"37339",1
"55444",3
"98673",2
"72417",1
"40215",10
"85132",1
"25863",2
"29336",3
"39397",1
"86923",2
"16359",1
"74379",1
"25832",1
"55606",2
"98701",2
"88377",1
"63843",1
"36251",1
"34346",1
"74599",1
"97289",3
"97421",2
"21526",3
"83112",1
"31634",1
"21379",1
"42699",2
"95189",2
"99765",1
"39393",1
"85599",2
"56204",1
"22529",7
"33428",1
"80935",4
"70435",1
"63791",2
"24326",1
"29378",1
"26553",2
"55278",2
"63688",2
"17291",1
"42279",2
"88326",1
"26209",2
"30179",3
"78665",1
"99880",1
"70186",2
"81245",3
"59558",2
"48145",2
"86750",1
"73033",1
"99986",2
"98634",1
"97993",1
"82294",3
"78112",1
"87666",2
"93489",4
"31157",1
"72356",2
"88085",2
"93087",2
"88074",1
"17166",1
"66509",2
"72119",2
"31698",1
"74226",1
"85104",2
"55291",1
"35756",1
"76764",1
"34233",1
"78604",1
"60314",2
"25715",5
"56743",1
"79809",1
"76547",1
"83679",1
"40221",11
"82386",1
"67278",1
"53347",1
"21129",15
"22549",8
"54673",3
"58640",2
"68219",2
"79362",1
"97464",1
"41470",1
"58644",2
"64589",1
"85304",1
"97947",1
"48477",2
"56341",2
"35287",1
"21385",3
"65520",1
"25579",3
"25850",1
"84149",1
"27574",1
"72202",1
"84571",1
"21447",1
"26434",2
"54570",1
"85253",1
"65719",1
"79793",1
"39340",1
"30989",1
"29640",1
"34329",1
"45527",1
"24363",2
"22043",10
"85661",2
"26725",1
"96193",1
"94577",1
"59387",2
"71272",1
"25581",2
"33442",2
"19053",1
"86971",2
"56291",1
"87743",1
"35390",1
"67258",2
"82237",2
"99718",1
"71560",2
"97900",1
"84028",2
"67592",1
"23821",2
"12435",2
"54649",1
"94269",1
"85258",1
"92697",1
"17255",2
"74223",1
"21388",4
"23568",2
"83607",1
"59368",1
"80805",2
"21729",3
"36208",1
"15732",4
"29482",1
"97773",3
"95126",1
"63871",1
"96188",1
"67583",1
"55758",4
"82431",2
"73571",2
"63538",1
"64385",1
"63934",1
"54529",1
"29593",1
"72800",2
"55246",1
"86399",1
"39106",1
"91236",1
"22457",5
"38176",2
"21772",1
"85276",2
"58332",1
"70567",1
"86874",1
"27777",2
"21514",1
"19057",1
"73667",1
"12437",1
"50827",12
"89604",1
"16909",1
"67827",1
"40547",10
"94538",1
"54457",2
"89420",2
"84389",1
"67377",1
"14793",1
"56294",1
"21720",1
"20253",8
"88454",3
"83536",1
"31319",1
"32816",1
"95100",1
"25761",1
"33142",1
"97259",3
"25576",1
"21732",1
"87437",2
"76316",1
"94439",1
"90469",1
"25980",1
"38279",1
"24631",1
"45699",1
"91233",1
"79423",1
"82494",3
"31628",1
"39579",2
"73491",2
"51766",1
"77740",2
"84079",1
"74632",1
"88471",1
"27336",1
"53842",1
"20144",13
"66919",2
"21614",1
"29578",1
"25799",1
"40595",8
"59348",1
"67071",3
"48317",1
"13465",2
"57639",2
"34266",1
"71063",1
"26904",1
"91217",1
"91080",1
"86657",2
"38477",1
"97334",1
"19336",1
"20149",7
"54664",1
"56316",1
"60598",1
"38448",2
"45479",1
"36355",2
"83487",1
"56829",1
"17419",2
"44289",11
"67373",1
"56283",1
"56579",1
"74336",1
"72666",1
"91174",1
"77731",4
"79365",1
"24628",1
"85540",2
"86678",2
"44379",15
"59439",2
"66500",2
"64689",1
"21365",1
"78345",3
"55437",1
"82436",1
"97737",2
"95179",1
"83301",2
"26845",1
"97779",2
"75385",1
"88634",1
"89299",2
"56594",2
"75210",1
"38324",4
"63860",2
"63543",1
"21358",2
"77791",1
"79774",3
"38154",2
"30175",1
"78259",2
"46119",2
"70199",1
"96163",1
"82380",2
"34302",1
"13357",1
"83109",1
"63868",2
"72290",1
"72516",1
"51065",8
"84564",2
"76327",1
"74865",1
"58509",1
"13351",1
"31675",1
"49733",1
"17252",1
"94535",1
"97299",1
"78582",1
"17121",1
"22119",5
"19069",2
"29581",1
"24873",1
"26548",1
"53501",2
"56323",1
"97509",3
"50679",16
"42285",3
"90441",1
"90475",2
"78586",1
"66265",1
"31848",2
"86830",1
"51491",2
"73463",1
"59425",4
"89182",1
"54608",1
"53783",1
"44309",7
"96272",1
"87669",1
"34270",1
"99428",1
"37269",1
"94121",1
"21360",2
"42283",2
"33129",3
"29497",1
"80803",2
"39307",1
"94539",1
"54524",1
"40213",12
"22335",10
"73114",1
"63911",3
"26489",3
"14827",1
"57562",2
"77781",2
"65934",1
"49626",2
"88281",1
"45131",14
"26131",1
"93102",2
"88079",1
"27254",1
"32825",1
"93458",1
"67691",2
"57539",1
"84524",3
"31547",1
"95659",1
"78479",2
"89522",2
"12309",14
"91177",1
"28203",2
"46354",2
"84558",2
"61279",3
"54311",1
"38533",1
"83620",3
"83104",1
"63834",1
"46569",1
"91639",1
"94560",1
"97253",1
"66115",1
"63879",5
"86156",1
"37444",1
"68809",2
"22547",6
"79877",2
"67259",3
"97506",3
"76767",1
"12487",8
"25999",1
"83088",2
"25593",2
"53123",1
"92224",1
"79110",2
"72362",2
"63607",1
"28309",1
"85579",3
"55621",1
"95700",1
"98528",1
"63933",3
"72474",1
"39446",1
"64683",1
"96479",1
"54343",2
"29690",2
"46244",2
"22880",3
"31134",1
"25869",5
"32609",1
"91604",1
"21493",1
"91052",1
"90455",3
"63820",1
"89355",1
"79805",1
"27246",1
"18311",2
"19249",1
"64367",1
"51371",4
"66292",1
"64711",1
"67737",2
"74255",1
"14621",2
"35683",2
"63814",1
"76534",1
"86928",1
"72793",1
"68766",2
"77830",1
"35619",4
"95496",1
"93466",1
"33613",2
"92275",1
"73660",1
"23744",1
"73342",1
"25590",2
"29553",2
"35582",1
"35447",1
"64756",1
"97633",1
"73207",1
"12679",11
"72297",1
"21734",1
"72658",3
"63846",1
"31715",1
"93053",1
"79591",2
"94118",1
"78269",2
"81673",1
"70176",1
"45478",2
"74740",1
"34388",1
"74864",1
"39444",1
"93339",2
"42549",1
"33161",1
"83229",3
"79801",2
"55276",1
"24619",1
"24896",2
"67165",1
"82488",1
"84098",1
"26683",1
"97517",2
"86679",1
"70378",1
"84335",2
"21079",7
"76467",1
"56826",3
"96523",1
"72138",2
"67591",1
"21745",4
"26835",1
"34281",1
"66424",2
"88299",2
"67547",1
"63694",1
"49596",1
"75223",2
"17349",2
"20251",14
"82343",2
"31185",2
"45128",12
"71155",2
"88682",2
"21109",5
"48531",1
"79291",1
"67685",3
"72293",1
"25870",2
"73450",1
"29352",1
"60316",2
"86866",1
"26892",1
"97496",1
"82140",2
"24399",1
"52159",2
"29355",2
"79348",1
"86504",1
"88477",1
"88239",1
"64579",2
"27570",1
"63825",1
"93471",1
"63639",1
"88370",1
"20148",7
"83550",2
"90429",2
"82057",1
"85114",2
"91575",4
"77971",3
"34305",1
"26935",2
"86859",1
"73574",2
"44339",13
"26127",2
"24867",1
"34466",2
"92670",1
"91629",2
"45289",6
"50735",8
"50931",13
"27498",1
"38322",1
"29496",1
"74238",3
"15366",1
"46509",2
"47119",1
"22117",13
"66287",2
"18258",3
"29353",1
"91058",1
"29525",3
"67728",1
"23738",2
"10243",1
"89616",1
"97797",1
"98693",1
"77736",1
"91607",1
"25591",1
"34474",2
"26969",1
"37127",4
"78607",1
"54646",2
"28201",1
"96103",2
"57080",1
"73337",1
"56333",2
"41460",1
"24860",1
"41515",3
"57258",1
"61462",2
"69483",2
"83413",1
"29693",2
"54669",1
"52477",2
"63512",2
"91725",1
"34295",1
"70629",1
"66501",1
"45307",13
"67433",3
"87656",1
"94545",1
"71540",1
"44369",16
"79183",1
"74214",3
"76477",3
"97357",1
"74547",3
"75038",1
"63874",3
"27624",2
"99768",1
"24819",1
"94160",1
"31691",1
"24646",1
"47546",1
"24876",1
"37445",2
"34513",2
"37218",5
"47475",1
"65201",1
"23909",1
"53859",2
"93336",1
"67105",1
"89353",1
"90571",1
"30453",1
"40227",7
"22391",7
"71134",2
"90562",1
"10559",1
"97511",1
"67475",2
"66862",2
"78592",1
"81925",1
"54497",2
"22041",8
"56317",1
"10711",1
"54584",2
"85128",1
"95355",2
"86741",1
"76661",2
"92705",1
"63768",2
"13507",1
"97249",1
"37281",3
"38723",1
"27726",3
"57583",1
"74389",1
"33719",1
"88260",1
"90537",1
"31710",1
"74397",1
"61137",4
"61206",4
"44867",5
"21714",2
"40476",9
"27248",1
"44577",1
"56206",2
"64546",1
"37213",2
"21521",1
"85586",1
"99638",1
"63546",1
"42655",1
"34317",1
"83134",1
"90449",3
"97855",1
"52156",2
"98590",2
"61267",1
"86745",2
"33449",2
"91635",1
"88212",2
"41334",1
"57392",1
"71032",1
"97857",2
"96515",3
"24369",1
"95367",3
"38100",2
"10245",1
"91413",1
"88697",1
"95469",2
"88138",1
"77776",1
"44793",13
"80798",1
"53940",3
"55768",1
"36041",4
"82467",1
"73457",2
"29229",1
"89437",1
"21762",1
"85395",1
"49599",1
"35469",2
"74259",2
"97656",1
"36341",1
"86989",2
"25371",1
"89171",2
"93483",1
"99100",1
"13156",1
"49429",1
"42551",4
"55234",2
"54451",1
"97846",1
"56653",3
"25873",1
"87767",1
"87671",1
"87642",3
"50859",9
"26907",1
"44869",6
"59969",1
"56575",1
"95362",1
"48703",3
"46049",1
"94036",4
"44328",7
"94536",1
"82538",2
"35687",1
"90765",1
"16552",1
"27755",1
"55743",2
"79576",2
"64395",3
"10785",2
"85309",2
"15754",1
"86949",2
"86668",1
"79777",2
"24857",1
"81739",1
"46284",1
"96247",1
"78054",1
"22959",2
"84307",1
"16278",3
"24616",2
"28327",2
"18225",2
"23896",1
"97843",1
"85135",1
"49757",1
"25845",1
"16945",1
"86944",1
"83561",1
"89607",1
"56068",1
"72501",1
"93077",2
"14822",2
"18109",1
"35325",1
"66976",1
"97786",1
"82404",2
"51598",1
"24398",1
"84184",1
"95694",1
"26452",1
"85669",2
"79618",2
"45739",1
"82515",1
"87746",1
"93057",1
"19322",2
"13509",2
"24816",1
"12689",10
"31028",1
"77887",1
"76694",2
"96182",1
"56843",3
"86879",2
"50733",6
"19073",1
"68167",2
"49835",1
"69123",2
"35510",1
"52249",2
"84439",3
"21644",1
"86701",1
"31592",1
"91077",2
"48465",3
"32545",1
"45144",9
"49685",2
"66649",2
"86179",1
"69518",1
"61231",2
"92702",2
"17207",1
"91613",1
"21765",2
"63549",1
"96349",2
"89284",1
"91798",2
"83064",1
"97209",1
"94089",4
"84056",1
"40882",1
"63633",1
"31638",1
"16816",1
"66981",1
"50668",11
"66869",2
"14482",1
"63454",2
"96224",1
"34593",1
"22299",7
"88447",4
"91468",1
"67059",1
"74931",3
"49434",2
"90552",3
"81737",2
"21737",2
"56656",4
"73730",2
"88356",2
"82402",1
"29223",1
"72116",3
"10247",2
"40883",1
"33758",1
"91257",1
"25852",2
"48619",1
"87439",1
"97320",1
"86161",1
"94348",1
"99834",2
"36452",1
"22143",8
"94051",2
"24254",1
"59174",2
"86926",1
"66346",1
"21524",1
"17367",2
"67294",2
"25791",2
"96154",2
"92445",1
"14828",3
"40239",6
"99310",1
"66957",1
"17329",4
"91183",2
"24960",2
"53424",1
"93049",2
"81671",4
"99947",4
"57489",2
"44359",6
"89350",1
"34396",1
"47559",2
"96181",1
"30880",1
"38642",1
"34613",1
"65597",3
"83131",2
"82349",1
"84579",1
"72644",1
"51061",8
"39615",1
"79356",1
"54341",1
"97528",1
"88263",1
"42329",2
"67756",1
"67705",1
"74538",4
"26556",2
"26629",2
"69502",3
"45525",1
"92526",2
"22956",1
"17392",4
"38543",1
"90459",2
"58453",2
"84333",2
"38489",1
"86489",2
"19246",1
"10585",2
"86978",2
"94339",2
"21376",2
"76848",1
"51647",1
"53520",4
"89275",1
"30419",3
"91626",1
"77796",2
"63699",1
"78603",1
"14467",1
"25566",1
"94574",3
"17109",1
"86447",2
"53925",1
"71296",1
"97519",2
"47624",1
"57319",1
"79856",1
"92552",1
"45326",8
"97839",3
"35789",2
"44287",13
"87634",1
"29499",1
"86720",2
"12045",1
"38700",1
"46487",1
"49809",1
"12629",5
"95494",2
"88167",1
"99846",1
"47665",1
"30519",1
"52224",1
"98554",1
"21789",2
"96196",1
"74246",2
"24409",2
"77728",2
"78083",1
"59939",2
"78267",1
"75059",1
"85296",3
"28215",1
"63916",2
"79736",3
"28355",1
"84431",1
"38551",2
"78727",2
"66459",1
"79219",2
"72359",1
"22175",9
"63594",2
"74582",3
"67304",1
"50769",16
"68753",1
"26721",2
"36419",1
"72519",1
"29475",2
"53804",1
"88441",1
"84546",1
"74909",2
"78132",2
"29394",2
"94127",1
"72582",3
"49770",3
"56759",2
"10823",1
"54587",1
"79429",2
"96120",4
"40629",10
"37139",4
"89278",1
"59581",1
"98666",1
"15890",1
"93152",2
"41844",1
"26203",3
"75233",2
"79108",2
"34131",1
"81379",1
"64560",1
"24797",2
"67748",1
"21444",1
"24625",2
"26723",1
"81677",1
"16831",1
"36369",2
"14055",1
"76332",1
"57250",1
"71720",2
"27729",1
"33689",2
"22885",1
"84453",1
"51107",17
"73257",1
"33189",1
"89294",1
"94250",1
"73262",2
"95030",1
"64646",1
"89441",1
"92439",2
"44652",1
"51105",9
"83052",1
"56761",1
"50129",1
"22301",8
"67305",1
"89250",1
"89367",1
"67157",2
"67587",1
"53119",2
"27499",2
"84543",1
"38275",1
"28219",1
"73098",1
"73108",1
"52372",1
"57339",2
"38165",2
"25693",2
"91349",2
"49577",1
"38312",3
"31608",1
"83059",1
"63877",2
"56203",2
"19417",4
"81735",1
"84427",1
"86947",1
"74743",1
"65551",2
"24783",1
"24882",2
"74586",2
"46240",2
"77694",2
"38364",1
"22587",11
"56424",1
"53426",1
"10551",1
"26607",1
"57413",2
"21770",3
"35794",1
"95131",2
"91747",1
"95666",1
"94363",2
"78662",2
"21436",1
"34537",2
"45481",1
"23845",1
"49413",1
"13593",2
"22159",9
"88367",1
"75447",1
"64401",1
"86450",2
"25337",1
"90542",3
"12557",9
"86739",1
"97483",1
"83527",2
"80802",3
"22869",1
"96157",1
"38889",1
"99837",4
"99610",1
"56659",2
"47447",1
"74918",1
"49688",2
"30938",1
"10709",1
"64584",1
"40880",2
"72584",1
"13127",1
"74867",1
"45139",6
"40223",7
"23769",2
"10435",5
"79771",3
"71554",1
"55452",1
"70190",1
"64331",2
"74549",2
"48629",2
"94113",1
"50999",13
"35039",1
"20359",5
"25709",1
"65626",3
"67240",2
"13359",1
"95346",1
"98547",2
"33330",1
"97845",2
"57614",1
"95490",1
"96052",2
"66904",2
"37308",1
"65795",1
"41199",1
"34587",2
"86845",1
"27753",1
"67596",2
"23898",1
"85591",2
"32107",1
"19357",1
"87748",1
"89197",1
"97237",5
"93326",2
"22303",7
"91617",3
"82152",1
"17154",2
"73453",1
"27337",1
"40229",12
"67551",2
"18374",1
"65629",3
"64665",2
"19067",3
"22049",9
"54616",2
"29379",1
"66709",1
"27472",1
"63674",2
"57078",1
"84152",2
"87544",4
"97522",2
"89407",1
"40721",3
"37115",2
"19230",1
"93095",1
"25842",2
"77883",1
"25712",1
"70619",1
"69469",2
"94259",1
"69436",1
"10315",1
"30952",1
"68519",1
"83365",2
"99425",2
"76846",1
"45966",1
"23570",2
"94424",1
"78266",1
"65197",3
"80995",2
"26689",1
"96275",2
"88521",2
"73494",1
"60320",2
"91281",2
"31719",2
"97657",1
"72149",1
"63477",1
"83139",3
"47918",3
"15374",1
"85457",2
"24239",2
"86167",2
"21649",1
"18569",1
"97842",4
"59399",1
"24878",1
"91793",2
"84556",1
"18239",3
"86916",1
"70191",1
"94365",1
"88179",3
"38547",2
"19243",1
"89415",3
"36219",2
"97268",2
"23560",1
"15306",3
"63741",1
"75433",1
"86441",2
"65550",3
"36404",1
"83308",1
"26474",3
"48282",1
"68623",1
"22961",2
"36093",1
"85123",1
"26937",3
"79395",3
"84097",1
"67722",1
"74639",3
"79859",1
"90411",1
"24870",2
"58762",2
"78585",1
"35781",2
"47139",2
"46519",1
"10783",1
"21702",1
"74592",1
"63808",2
"95185",1
"14778",2
"22083",12
"27318",1
"82293",2
"17111",1
"46539",1
"56818",1
"13189",1
"63755",1
"58730",3
"20355",8
"83546",3
"97247",2
"97494",1
"83368",1
"79650",1
"74189",1
"44649",2
"18292",3
"18119",2
"75387",1
"94522",1
"99439",1
"97241",2
"55490",3
"16348",1
"70182",1
"38729",1
"56076",1
"83364",1
"54296",1
"86480",4
"50170",1
"73235",3
"34393",3
"48366",1
"31555",1
"19071",3
"80997",1
"91560",1
"67354",4
"48607",2
"89150",2
"82049",1
"92720",1
"35117",1
"15324",2
"87675",1
"95632",1
"91186",1
"38302",3
"74933",2
"21726",1
"31636",1
"91099",1
"91593",2
"55491",2
"34359",4
"83377",1
"94110",1
"25826",1
"25497",5
"63875",2
"55756",1
"95505",1
"77761",1
"86842",1
"63533",3
"92421",1
"74427",1
"36280",2
"10719",2
"44135",14
"78576",1
"47269",1
"86641",2
"24888",5
"79292",1
"29342",2
"19055",4
"97274",1
"32549",1
"35719",1
"42799",2
"22297",7
"24890",2
"37589",2
"86153",2
"55257",2
"64397",2
"35094",1
"86459",1
"52391",1
"92277",1
"28237",1
"71665",3
"27330",1
"24613",1
"13469",2
"81669",1
"10627",2
"72513",2
"78730",1
"89129",1
"86502",2
"38382",1
"21787",1
"86486",1
"74838",2
"97957",2
"75339",1
"48496",1
"87509",3
"26180",2
"67454",1
"74575",2
"38895",2
"97717",3
"20259",8
"35394",1
"33615",1
"84518",1
"63856",1
"67246",2
"72172",2
"34123",1
"89077",1
"17454",1
"24811",2
"23816",1
"76669",1
"22113",2
"56075",2
"32427",2
"92286",2
"47226",4
"47053",2
"44892",6
"86733",1
"57299",1
"88276",2
"74542",2
"66802",1
"78464",3
"87778",2
"88696",1
"58710",2
"29358",1
"72505",3
"95163",1
"48624",1
"86934",1
"31863",2
"13187",1
"25474",1
"58097",2
"67686",2
"91301",1
"25436",1
"93477",1
"21465",2
"35768",2
"12685",11
"22179",9
"56132",1
"87766",1
"67468",1
"21709",2
"76597",1
"58769",1
"36205",2
"24594",1
"87448",1
"47229",3
"85084",1
"73274",1
"78601",2
"22965",2
"52459",1
"39387",3
"35041",2
"90602",1
"74254",1
"95445",4
"89561",3
"46399",1
"51643",3
"87757",3
"74670",1
"67147",1
"97084",2
"25725",1
"64569",1
"57641",2
"10781",1
"21522",1
"84347",1
"74243",1
"95709",1
"78549",2
"85653",1
"28209",4
"74736",1
"83246",1
"55777",2
"29479",2
"76855",1
"77963",3
"67459",2
"93499",1
"94130",1
"58285",2
"34479",1
"10405",1
"29494",2
"81476",2
"87653",3
"73268",1
"95032",1
"98744",1
"76228",1
"27809",3
"54539",1
"63599",1
"46419",2
"87674",1
"34286",1
"71034",2
"72189",2
"67117",3
"67819",2
"91489",1
"12349",1
"97332",1
"96197",2
"24872",1
"79875",1
"86163",2
"69198",2
"49076",1
"83684",1
"67700",3
"92369",1
"24229",2
"90480",1
"21683",3
"15562",1
"59823",1
"29399",1
"71723",1
"93086",1
"50171",1
"67067",1
"63924",1
"49448",2
"75056",2
"21029",7
"65760",3
"89567",2
"78247",2
"27474",1
"27568",1
"23552",2
"81545",1
"29472",1
"18581",1
"65604",1
"91567",1
"86868",1
"12524",5
"76676",2
"72764",2
"55608",3
"66663",1
"44791",11
"50674",6
"71149",1
"14774",1
"31073",1
"29416",1
"12161",1
"67487",1
"28779",2
"78594",1
"94255",1
"92542",2
"25560",2
"75328",2
"60389",1
"91522",1
"37083",2
"67361",1
"71737",1
"50823",12
"84085",1
"41517",2
"93426",2
"52072",1
"54574",2
"44534",1
"25924",1
"71334",2
"18069",2
"22111",12
"35428",1
"42277",1
"48712",1
"24944",1
"64380",1
"70599",3
"25872",1
"84559",2
"52351",1
"77793",1
"73466",2
"56422",2
"67308",1
"49214",2
"61449",1
"94359",3
"26121",1
"86663",1
"36103",1
"91074",1
"63450",1
"36160",1
"69126",2
"82194",2
"74249",1
"29683",1
"34125",1
"73553",1
"76829",1
"12351",1
"97785",2
"54483",1
"29328",1
"21682",1
"91086",1
"25365",1
"63571",1
"40591",9
"14727",1
"48529",1
"77833",2
"49477",3
"46562",2
"42477",2
"97255",1
"74211",1
"51149",10
"93351",1
"41379",1
"22177",15
"94265",1
"91589",1
"84155",3
"14669",2
"35116",2
"32257",2
"90518",3
"35104",1
"24105",1
"41372",1
"41747",1
"24367",2
"23820",1
"37287",1
"63589",1
"34355",1
"10178",1
"89362",4
"76149",1
"21756",1
"71336",4
"56598",3
"95183",1
"94575",3
"66994",1
"97907",1
"88636",1
"91207",3
"65614",1
"97999",1
"25867",1
"49844",2
"92711",2
"56584",1
"87645",2
"71522",3
"73479",1
"95482",1
"28876",2
"40212",7
"89547",1
"59510",2
"84424",3
"58675",1
"95236",2
"22145",8
"24986",1
"25923",1
"96367",2
"75446",2
"18356",1
"88348",2
"76275",4
"50169",1
"86980",3
"86650",2
"54498",1
"69253",2
"48369",1
"38319",1
"42499",4
"10319",9
"22607",4
"48268",2
"23629",2
"20459",8
"97516",3
"86754",1
"86975",2
"76474",3
"81475",2
"29221",1
"77709",3
"95194",1
"45879",1
"79295",1
"97070",1
"87648",1
"56856",2
"48493",1
"79848",3
"74906",2
"12043",1
"41564",2
"58300",4
"27243",2
"97531",2
"57645",1
"89185",3
"13505",2
"12105",2
"22337",11
"19395",2
"48324",3
"36217",1
"29361",1
"48734",1
"29565",1
"24814",2
"31603",1
"60306",2
"91235",2
"74749",2
"26135",1
"28719",2
"89180",2
"21228",3
"94371",1
"77756",1
"50858",10
"27251",2
"25856",1
"94491",4
"88171",2
"71717",2
"53340",2
"22419",7
"73326",3
"91555",1
"32602",1
"69234",1
"94505",1
"17398",1
"79249",2
"33609",1
"79206",1
"49219",1
"93462",1
"49744",1
"74394",1
"75217",1
"96487",2
"67134",1
"30823",1
"94145",1
"31311",1
"46514",3
"24103",1
"94163",1
"18249",4
"79331",1
"31629",3
"24109",2
"31135",1
"27801",1
"31613",1
"86150",1
"38471",2
"99817",2
"53797",1
"61239",1
"82493",1
"29356",1
"30457",1
"99887",1
"74206",1
"56428",3
"13409",1
"94405",2
"77656",2
"26810",2
"82110",1
"56581",1
"36457",1
"14476",1
"82216",1
"21031",5
"24803",3
"31606",1
"44799",6
"26409",2
"25489",1
"25370",1
"55271",1
"91734",2
"97729",1
"54441",1
"21449",1
"71157",1
"93055",1
"96199",1
"73773",1
"86946",4
"34289",1
"79686",1
"24241",2
"15345",2
"61381",1
"67307",1
"97350",2
"72649",3
"55546",3
"44803",13
"53127",2
"38122",2
"91334",2
"74937",1
"28279",2
"91634",1
"98746",2
"26129",3
"28777",1
"42719",1
"92366",1
"74915",4
"24893",3
"15864",1
"71297",1
"84549",3
"29585",1
"63179",1
"65399",2
"37075",1
"19205",2
"21706",3
"97297",1
"89192",1
"73110",3
"74653",1
"82447",1
"40878",1
"29575",2
"48308",1
"79780",1
"41472",2
"66793",2
"97080",1
"73614",2
"38112",2
"88450",3
"79271",3
"67152",1
"83342",1
"14715",2
"89431",2
"54657",3
"10999",1
"23617",1
"86919",1
"70178",1
"92551",1
"31609",1
"93497",2
"82481",2
"54346",3
"54523",3
"37649",1
"37133",2
"48727",2
"94142",2
"36399",3
"66540",3
"88319",1
"10587",1
"74172",1
"21442",2
"93155",1
"22087",6
"12353",1
"45711",1
"73776",1
"47807",2
"69151",2
"83553",2
"87751",2
"85077",1
"37215",1
"56322",1
"97852",3
"40219",8
"98587",1
"24143",1
"48291",1
"94566",3
"66399",2
"88448",2
"31228",1
"79268",1
"58638",3
"72818",1
"71543",1
"93359",1
"77749",2
"41540",2
"91738",2
"36326",3
"74248",2
"49191",2
"29459",1
"75228",1
"21403",2
"87545",1
"72135",1
"67149",3
"88527",1
"91278",4
"26160",2
"86865",1
"25599",2
"24885",2
"45886",1
"67724",1
"24247",1
"49824",1
"67693",1
"95463",1
"28359",1
"51145",15
"54298",2
"83257",2
"24582",2
"86577",2
"56841",1
"17279",1
"67718",2
"89183",1
"67745",1
"83101",2
"56753",2
"94544",1
"65183",2
"31036",1
"79415",2
"91088",1
"63517",1
"38271",1
"34130",2
"81929",2
"39288",1
"50829",10
"15295",1
"67251",1
"25881",2
"40549",10
"37355",1
"83714",1
"20097",10
"89165",2
"37249",1
"65345",1
"24245",1
"30826",2
"27389",1
"96126",1
"32683",1
"25499",1
"82290",2
"82327",2
"74369",1
"30900",1
"92345",2
"28759",2
"31737",1
"84088",1
"89564",1
"34119",1
"55627",1
"37520",1
"38327",3
"93179",1
"39629",1
"38464",1
"17139",1
"66806",2
"23701",2
"52064",2
"38162",1
"87769",1
"99634",1
"85301",1
"22609",15
"59302",1
"18439",1
"94227",1
"88145",1
"91619",1
"45309",10
"65326",1
"54294",1
"93348",2
"24223",1
"92557",2
"39517",1
"72229",1
"63828",1
"47805",1
"87749",2
"14776",1
"94469",1
"73650",1
"29476",1
"26122",1
"49078",1
"56077",1
"38644",1
"37191",1
"97295",3
"15938",2
"53945",2
"42399",1
"74855",2
"35315",2
"95706",1
"87463",1
"87773",1
"91275",5
"79427",1
"86757",1
"59872",3
"73527",2
"92549",1
"12439",2
"99510",2
"10407",1
"13587",2
"51375",1
"19258",1
"23823",3
"30659",1
"36142",1
"81477",1
"86833",2
"33334",1
"94366",3
"90403",1
"23858",1
"22081",8
"97783",1
"72406",1
"65199",2
"53578",1
"96132",1
"24220",1
"14473",2
"91732",1
"49406",1
"29413",1
"86940",1
"49549",1
"24146",1
"94032",2
"96242",1
"89160",1
"61194",2
"48149",1
"89073",1
"95499",1
"72280",1
"96369",2
"74235",2
"36448",1
"12347",1
"24992",3
"28277",1
"87490",1
"75334",1
"24351",1
"92269",2
"91367",2
"45141",11
"41539",2
"93164",1
"56587",1
"12279",13
"63897",1
"34582",2
"15837",1
"76337",3
"19372",2
"38274",1
"59759",1
"88457",2
"10789",4
"75443",1
"45968",4
"56370",1
"84555",1
"83123",1
"21647",2
"34323",1
"63505",2
"56814",1
"59073",1
"55252",1
"86920",2
"86977",1
"96194",2
"93470",1
"86488",2
"86564",1
"72348",1
"60385",1
"61203",1
"81543",1
"88662",2
"25575",3
"42555",1
"84089",1
"68775",1
"36325",1
"70565",1
"54470",2
"66706",1
"25724",1
"79585",1
"24983",1
"24622",2
"27383",3
"17217",1
"67814",1
"21037",11
"39649",5
"24887",1
"87775",1
"25813",1
"23747",1
"78647",1
"38170",3
"84565",1
"94447",1
"21698",2
"85298",1
"45130",9
"77794",4
"73344",3
"93473",1
"21509",1
"88371",1
"67727",1
"22399",14
"83457",1
"85748",2
"16567",1
"44809",10
"44357",10
"18437",2
"55425",3
"27339",1
"83071",1
"66507",2
"88400",2
"75394",3
"55122",1
"24149",1
"89079",3
"29462",1
"76356",1
"32049",1
"14165",1
"26441",1
"38379",1
"23566",1
"63937",1
"50389",1
"39539",1
"93333",1
"30539",1
"97256",3
"38179",2
"59320",2
"86482",1
"15230",1
"63811",1
"45772",1
"31174",2
"20457",9
"34519",1
"56379",2
"83556",1
"52396",1
"78126",2
"57647",1
"97277",1
"92709",1
"85139",1
"97478",2
"86508",2
"65307",1
"91358",2
"34516",3
"94474",1
"96268",1
"25882",1
"13059",3
"34434",3
"70806",2
"32052",1
"83093",1
"36088",1
"72364",2
"71640",1
"26419",2
"73107",2
"66763",1
"73485",2
"88709",1
"78595",1
"94508",1
"13405",2
"31787",3
"41748",1
"10623",2
"51143",7
"35305",1
"81539",1
"14797",1
"38384",1
"16766",1
"78048",2
"45329",9
"85053",2
"85254",2
"67125",1
"20357",9
"75181",1
"94529",3
"95339",3
"31832",1
"73266",2
"42659",3
"17326",4
"37688",1
"24629",2
"56254",1
"78199",1
"52382",1
"19089",1
"92533",1
"49401",1
"34327",2
"64653",1
"74629",3
"27386",1
"17209",1
"75239",1
"99752",1
"45259",14
"24638",2
"25866",1
"74676",1
"56630",3
"88364",2
"54675",1
"74597",1
"16761",2
"29331",2
"49143",2
"86415",1
"91347",2
"91336",1
"15913",1
"45276",10
"32425",1
"24866",1
"97848",4
"52525",1
"29549",1
"78570",1
"68163",1
"45964",3
"72655",1
"47167",2
"49638",3
"89134",1
"44139",6
"12057",1
"25997",1
"53125",2
"79261",1
"81369",1
"29439",1
"41352",2
"56651",2
"40231",10
"41469",1
"91595",1
"97849",1
"47059",1
"35102",2
"34260",3
"58566",2
"38640",1
"54338",2
"77767",2
"28870",2
"77770",1
"95680",2
"36214",2
"67365",1
"20535",10
"92355",1
"77933",2
"47178",2
"94354",1
"41751",2
"39128",1
"32423",2
"25859",2
"25840",1
"95508",1
"77704",2
"84092",1
"50937",14
"28357",2
"33775",1
"67816",1
"94377",2
"52134",1
"21769",2
"74927",1
"94164",1
"84576",1
"21445",2
"32758",2
"72108",1
"42657",2
"86695",1
"81827",2
"69239",1
"36318",1
"22395",9
"77889",2
"45147",6
"53229",1
"66125",4
"75203",2
"85658",1
"24404",1
"65582",1
"69121",1
"96148",2
"39596",1
"84051",2
"85417",1
"92266",1
"63939",1
"66539",1
"77886",1
"19288",1
"87737",2
"72829",2
"14929",2
"84553",2
"26844",1
"67126",1
"94527",1
"91369",1
"85049",3
"97922",2
"54617",1
"89597",1
"47279",3
"90471",1
"29559",2
"72664",2
"50354",1
"24214",1
"96178",2
"91601",1
"40699",2
"31789",2
"36039",1
"88637",3
"60388",1
"45894",1
"35583",1
"83132",1
"10827",9
"87527",4
"70173",3
"88699",1
"24589",1
"72469",3
"54340",2
"86738",1
"63739",1
"83727",1
"87755",1
"70174",1
"70372",1
"32312",1
"97776",5
"97724",1
"86505",2
"44797",7
"35075",1
"15377",4
"74424",1
"55116",1
"87781",1
"47608",1
"79692",3
"28832",1
"39606",3
"91480",2
"48429",2
"82024",2
"97342",1
"31708",2
"85445",1
"84428",1
"22397",8
"83043",2
"78588",2
"20539",7
"97725",1
"29649",1
"18320",3
"90409",1
"84178",2
"74239",1
"22605",6
"54538",1
"75323",1
"73655",2
"27308",1
"17373",1
"97267",1
"64720",2
"41068",2
"75382",2
"70184",1
"88631",2
"78183",2
"35579",3
"29362",1
"21033",9
"92256",3
"38108",1
"32051",2
"54295",1
"95466",3
"30669",2
"77784",1
"85088",1
"69190",5
"89361",1
"94094",1
"91166",1
"91090",2
"96155",2
"87660",2
"71672",1
"57520",1
"25785",2
"80937",1
"95365",1
"77746",1
"93464",1
"22307",15
"19061",1
"65830",2
"86869",1
"12157",1
"92289",1
"63636",1
"75365",1
"82276",2
"24794",1
"54614",2
"44866",10
"76857",1
"21255",2
"49811",3
"92242",3
"88487",1
"34225",2
"66129",1
"86424",1
"93180",1
"35110",2
"21220",1
"87561",1
"38442",1
"79194",1
"54595",2
"53619",2
"73099",2
"82067",1
"56179",1
"53177",1
"22393",6
"67729",2
"89352",3
"97650",1
"27305",2
"53572",2
"83737",2
"67821",1
"45239",14
"56330",1
"91344",2
"64297",3
"79312",2
"24899",2
"21439",1
"23966",1
"94154",1
"45470",1
"69117",2
"63863",2
"13057",2
"23627",2
"55619",1
"53173",1
"28307",1
"49751",1
"83703",1
"35585",1
"86453",3
"69245",3
"18442",1
"42107",2
"34308",2
"97353",1
"10707",2
"35274",2
"17379",1
"67817",3
"45355",8
"56823",1
"83533",1
"87471",2
"37130",1
"99976",1
"23815",2
"25585",3
"95352",4
"10717",1
"86929",1
"51427",1
"59909",1
"71111",3
"97218",4
"19386",1
"85774",2
"66996",1
"49492",1
"31020",1
"67146",1
"92442",1
"78589",1
"74081",1
"91722",1
"97950",1
"67657",2
"54306",2
"65185",1
"33604",3
"22765",8
"48488",2
"38690",1
"87772",1
"51381",1
"92724",1
"75172",1
"22455",6
"94104",1
"79682",2
"16244",2
"51789",2
"17424",1
"96277",2
"95519",2
"56769",1
"35236",1
"31199",1
"84329",1
"71686",1
"72369",1
"24977",1
"19412",1
"49545",1
"21710",2
"31867",1
"93455",2
"73066",1
"74861",1
"99090",1
"74074",1
"55126",1
"76135",1
"78667",1
"27211",2
"76773",1
"79289",1
"67706",1
"67435",1
"97222",3
"19294",1
"47051",2
"49088",1
"65195",1
"56812",1
"86576",1
"75337",1
"69221",1
"30159",1
"45770",2
"96484",1
"36169",2
"29303",3
"66851",2
"27283",3
"69509",1
"54450",1
"47228",2
"84163",1
"85247",1
"54427",2
"27798",1
"85354",1
"19209",3
"89440",1
"95685",2
"88250",2
"92262",1
"49439",2
"46045",4
"18230",1
"38528",1
"56459",1
"23824",1
"23996",1
"21782",2
"71711",1
"64521",1
"25992",1
"48653",2
"19406",2
"82278",1
"87494",3
"86984",1
"94330",3
"66497",4
"74372",1
"70374",3
"36043",1
"82409",1
"99198",1
"79254",1
"31224",3
"86574",1
"12049",3
"73495",3
"94551",2
"60431",2
"52531",2
"24813",1
"99885",1
"33803",1
"72124",3
"54484",1
"36115",1
"94169",2
"71116",1
"15712",1
"47445",4
"88444",3
"47799",2
"96260",2
"56626",3
"15711",1
"83361",1
"67378",1
"80637",1
"65439",1
"91578",1
"14471",1
"49479",2
"67317",2
"89231",1
"19303",2
"27259",1
"39167",2
"24395",2
"59602",1
"84547",1
"85467",1
"29599",1
"66701",1
"65552",2
"86483",2
"97638",3
"37290",2
"55424",1
"24401",2
"59846",2
"49584",1
"64293",1
"33818",1
"64347",1
"93449",2
"23818",1
"96161",1
"24647",3
"91350",1
"26219",2
"95503",1
"97286",1
"60489",2
"49328",1
"34376",1
"24147",2
"77866",1
"30559",1
"82487",1
"95349",2
"37351",2
"46242",2
"97199",1
"92676",1
"86356",1
"83454",1
"23628",2
"38120",2
"14542",1
"22453",6
"39590",1
"14947",3
"82335",1
"14193",1
"67376",2
"89335",1
"49497",2
"14662",3
"94333",1
"89426",1
"28757",2
"54455",1
"59889",2
"86462",2
"71576",1
"59379",1
"97956",1
"90402",2
"80999",1
"53819",1
"78554",1
"64686",1
"88361",1
"83569",2
"49692",2
"49090",1
"23719",3
"51379",2
"56462",1
"86500",1
"33699",1
"51147",7
"76479",2
"89264",2
"79540",1
"88518",2
"94143",1
"94060",2
"18198",1
"12619",11
"31008",1
"65193",3
"93349",1
"44145",5
"39264",1
"86703",1
"86660",1
"26871",2
"24113",1
"57627",1
"31535",1
"56477",1
"24576",2
"66359",1
"35689",4
"40472",7
"73430",1
"82541",1
"35452",3
"86391",1
"22047",12
"87782",2
"73441",2
"44629",1
"93092",1
"56321",1
"66999",1
"51645",2
"22946",3
"92539",4
"48163",1
"67757",2
"23611",2
"71254",4
"87647",1
"17089",2
"70499",1
"67063",3
"58089",1
"27572",1
"40489",9
"67826",1
"86470",1
"55499",1
"23562",1
"20095",13
"64287",1
"69250",1
"24869",2
"56182",1
"65207",1
"86825",3
"49324",1
"21274",1
"14558",2
"82449",1
"79599",1
"76770",2
"93309",1
"40545",13
"23948",1
"37296",1
"89287",1
"20099",5
"38530",1
"29227",1
"95517",1
"93089",1
"56751",1
"65474",1
"25348",1
"67161",2
"40724",1
"72458",2
"67714",1
"26632",1
"46483",1
"30851",2
"97877",2
"31868",1
"25879",1
"26506",3
"27232",1
"82297",2
"35690",2
"38829",2
"78098",3
"64732",1
"35329",2
"84326",1
"39317",1
"82065",1
"97490",2
"96328",2
"46149",1
"24226",4
"97447",2
"31558",1
"67585",1
"99518",1
"36396",2
"77799",1
"80336",1
"97523",1
"92278",2
"24116",1
"66538",1
"15232",1
"65594",2
"53343",1
"53937",1
"79597",1
"95152",1
"86507",2
"63637",1
"76593",1
"48336",1
"31515",2
"96184",1
"48143",2
"79379",1
"36460",2
"76709",1
"79235",1
"94239",2
"97782",1
"79102",1
"88633",1
"20354",8
"26757",1
"49201",1
"47249",2
"38678",1
"60311",1
"74638",1
"40625",16
"31718",1
"65385",2
"91614",1
"12559",2
"79872",1
"83129",3
"84435",2
"72336",1
"18519",1
"78244",1
"15517",1
"18236",2
"37632",1
"49176",1
"26169",1
"93107",2
"89177",2
"49828",3
"21335",1
"95213",4
"44227",6
"26345",1
"67742",2
"44149",8
"66907",3
"83673",1
"86558",1
"91220",1
"38542",1
"91729",1
"55599",2
"29308",1
"21717",1
"98596",1
"45136",6
"98743",2
"54636",1
"24879",1
"75015",1
"25588",2
"97486",1
"29323",3
"86938",3
"88677",1
"63849",1
"88422",3
"26529",1
"55118",1
"67598",5
"41849",1
"25996",2
"73431",1
"49179",1
"42113",1
"17214",1
"33154",2
"72488",1
"86687",2
"21075",14
"66130",4
"21763",1
"38102",4
"38277",2
"34630",2
"92272",2
"85406",2
"44787",5
"87484",3
"78176",1
"83083",1
"92283",2
"21149",9
"33397",1
"22761",10
"90596",2
"23946",1
"99974",2
"55432",1
"10409",2
"99848",3
"29471",1
"25938",1
"86684",2
"35580",2
"66571",1
"27367",1
"12277",9
"25572",2
"49205",1
"39104",1
"89195",1
"39218",6
"35463",3
"89188",1
"85408",1
"38899",1
"25776",1
"35713",1
"72531",1
"40477",8
"24784",2
"38315",4
"83567",1
"56479",1
"93073",1
"18314",1
"90453",1
"96129",1
"55457",1
"79737",2
"97258",1
"53913",1
"51515",1
"86562",2
"44801",8
"14169",1
"53508",1
"35239",1
"34549",1
"63920",2
"91096",1
"97488",2
"91637",1
"25569",2
"49074",1
"94146",2
"25887",1
"64823",2
"40468",16
"86420",1
"56754",1
"91475",1
"55765",1
"29590",1
"24536",1
"55239",4
"29481",1
"60439",1
"84160",1
"72534",1
"94428",2
"48153",1
"96355",1
"37642",1
"45359",11
"95493",1
"38470",1
"27616",1
"90579",1
"40235",16
"18465",1
"72537",2
"22359",5
"87727",2
"25917",1
"51069",12
"48356",1
"91187",1
"60323",1
"73557",1
"66901",2
"99438",2
"88284",1
"49767",1
"79424",1
"67734",1
"86647",1
"97941",1
"89173",1
"81667",1
"17493",1
"83250",1
"85259",1
"26899",2
"72820",1
"65428",1
"97461",1
"10969",1
"83416",1
"12163",2
"23777",1
"56864",3
"29393",1
"25551",1
"83562",2
"77978",5
"17039",2
"36456",1
"60433",1
"78262",1
"50969",8
"97244",1
"93194",1
"86438",2
"83367",1
"93491",1
"95358",1
"54293",3
"99084",2
"14728",4
"26670",1
"22958",1
"94356",1
"98529",2
"31191",2
"40668",1
"82445",2
"95643",3
"53129",1
"73079",2
"94099",1
"95688",1
"79294",1
"45357",15
"15299",1
"10967",3
"39245",1
"99631",2
"49424",2
"50374",1
"40589",13
"75249",1
"40237",4
"21394",1
"79189",1
"44225",7
"80939",2
"18106",1
"39345",1
"72218",1
"63697",1
"85416",2
"87629",3
"49170",1
"65375",1
"82291",1
"59609",1
"88512",1
"87734",2
"97795",1
"12627",2
"78056",1
"24256",2
"44141",3
"56305",3
"87787",1
"64846",1
"79244",1
"10249",1
"24999",2
"78733",1
"86875",2
"21244",1
"81541",2
"58256",3
"78120",1
"55459",3
"87785",1
"91238",1
"57076",1
"35327",1
"72762",1
"56242",1
"36124",1
"86368",1
"65529",1
"95698",1
"55483",1
"91623",1
"29587",1
"74589",1
"38539",1
"68161",2
"32689",1
"72661",2
"26826",3
"25797",2
"26382",2
"79804",1
"84032",1
"66740",1
"80796",2
"86672",2
"63667",2
"87760",2
"78234",1
"91315",1
"93176",1
"23569",1
"92318",3
"66589",1
"99869",1
"93093",2
"55543",1
"85652",2
"94542",1
"53498",3
"82346",1
"40225",11
"94258",1
"37079",1
"55583",1
"86485",2
"40667",1
"34508",1
"86685",3
"85238",1
"78239",2
"21073",8
"27239",1
"63936",1
"37619",3
"88486",1
"38667",1
"55120",1
"55469",1
"42289",3
"75179",1
"80333",2
"56329",2
"91484",1
"59505",3
"55626",1
"51109",4
"76872",1
"13437",2
"22147",8
"28217",1
"59423",1
"72760",2
"61276",2
"60596",2
"75057",2
"74744",2
"37242",1
"14979",1
"24790",1
"35282",2
"44329",10
"45127",13
"59556",1
"91795",1
"18059",2
"58809",2
"90451",4
"10825",6
"74385",3
"68799",1
"85399",1
"66123",2
"42275",1
"25792",3
"87474",1
"45134",3
"73467",1
"83539",1
"76189",1
"50825",13
"71120",1
"33829",2
"93189",2
"39326",1
"57587",1
"92353",1
"21107",9
"22305",6
"66121",3
"72379",1
"97788",1
"73663",1
"21035",11
"32694",1
"57482",1
"59457",1
"49419",2
"49082",1
"55268",1
"97291",1
"88436",1
"84104",2
"94149",1
"94249",1
"79263",2
"92703",1
"31556",1
"83735",3
"35641",1
"24809",3
"83376",1
"50677",8
"55767",1
"97264",1
"89429",1
"51519",3
"32289",3
"74613",1
"66887",1
"58708",2
"51503",2
"65189",1
"17126",1
"42369",1
"67749",1
"97535",2
"37696",1
"88131",2
"88410",1
"96465",1
"23684",1
"71691",1
"73642",2
"86579",1
"90461",2
"25548",1
"59329",1
"95697",1
"17489",1
"15566",1
"12159",2
"57638",1
"22339",9
"96352",2
"74080",3
"50997",10
"55496",1
"91809",2
"49597",2
"80689",1
"91723",1
"35519",2
"22525",8
"92334",1
"88484",1
"84478",3
"35085",1
"66113",1
"97337",1
"93109",2
"22115",8
"24991",1
"69168",2
"59063",2
"24364",1
"72766",1
"83676",2
"23923",3
"16548",2
"12047",2
"38350",1
"63456",5
"99099",1
"79539",1
"21423",1
"94486",2
"66917",3
"34253",4
"67245",2
"20146",12
"21039",9
"92444",3
"54586",1
"38226",2
"18184",1
"60329",1
"58791",3
"97508",2
"46414",2
"22527",8
"63110",1
"66503",1
"41069",2
"56368",1
"21147",7
"29396",2
"79288",1
"21502",2
"18528",1
"18299",1
"40885",2
"16306",1
"66916",1
"25485",2
"42929",1
"84144",3
"66578",2
"51103",6
"37197",1
"67813",1
"22415",7
"29574",1
"30827",1
"83373",1
"71299",1
"26903",1
"41189",2
"49457",1
"54318",2
"91322",1
"91083",2
"87733",2
"47804",1
"48157",1
"73733",2
"63931",1
"96237",1
"35644",1
"94569",1
"47638",2
"69257",3
"89194",3
"95485",1
"78462",1
"47259",1
"87640",1
"74850",1
"32805",3
"46117",1
"72411",1
"92637",1
"96253",1
"80331",1
"35638",2
"87497",1
"84174",2
"85521",1
"83379",1
"63785",2
"73340",1
"21409",1
"63165",1
"84385",1
"72227",1
"50672",14
"37639",3
"55497",2
"91327",2
"97276",3
"65203",1
"65558",2
"26676",2
"34292",1
"46485",1
"78359",4
"89368",1
"13467",1
"31137",2
"83098",1
"79106",1
"38118",1
"83417",1
"54347",1
"42697",2
"41836",3
"15848",2
"82432",1
"52222",1
"74343",1
"31785",2
"71083",2
"22309",8
"67688",2
"65347",1
"58452",2
"38300",2
"87496",1
"33100",1
"78609",2
"15745",2
"56377",1
"49777",1
"96106",3
"34633",1
"18445",2
"70771",1
"71636",1
"21516",1
"73760",2
"86863",4
"67578",1
"91154",1
"92726",2
"65205",1
"22589",10
"83253",1
"31632",1
"22459",13
"84567",1
"30974",1
"94152",2
"44143",11
"86925",2
"10115",2
"21643",1
"18507",1
"44575",1
"67360",2
"37635",1
"10961",2
"48329",1
"49843",1
"94078",1
"68782",1
"96365",1
"83324",1
"99994",1
"86152",1
"95356",1
"70569",2
"97243",1
"10555",4
"94368",2
"26603",3
"66955",1
"10439",2
"63584",1
"58507",1
"35457",1
"50259",1
"93101",2
"69514",3
"86473",3
"27612",1
"51373",1
"29313",1
"73433",1
"96358",1
"33184",2
"83677",1
"79677",1
"57567",1
"84371",2
"84513",1
"16833",3
"86943",2
"31188",1
"67166",1
"35415",2
"96528",2
"50935",8
"91564",2
"17495",1
"97252",1
"95369",2
"93138",4
"83128",2
"15518",2
"78357",1
"54320",1
"44265",12
"35516",1
"67069",1
"47551",1
"54589",3
"56112",1
"79224",1
"64739",1
"39130",1
"17094",2
"59597",2
"39122",1
"86682",1
"97215",3
"82490",1
"86157",1
"73037",1
"37647",2
"79685",1
"13055",1
"38467",1
"50678",10
"77790",1
"94579",2
"87488",2
"51597",1
"35444",1
"72667",1
"97944",1
"85447",2
"38375",1
"49080",3
"76779",1
"73550",1
"37073",2
"73095",2
"44319",8
"33790",1
"21781",1
"27249",2
"34246",2
"58091",1
"91286",1
"38304",1
"15320",1
"78187",1
"91541",2
"65391",2
"66299",3
"83670",4
"63067",1
"76532",1
"91807",1
"73101",2
"29367",1
"56276",1
"82256",2
"25469",1
"37441",2
"32547",1
"47798",1
"77876",2
"94360",2
"85134",1
"27607",1
"41236",1
"24114",1
"37081",2
"50968",6
"57518",2
"67065",1
"25563",1
"84574",1
"91364",2
"63776",1
"18334",1
"78333",1
"53179",2
"86981",1
"55576",1
"91284",2
"16248",1
"16227",2
"37297",1
"84095",1
"78600",3
"27721",1
"97230",1
"25587",1
"32351",5
"86862",1
"36110",1
"94550",1
"55776",1
"97273",1
"96332",2
"98597",1
"67735",1
"39439",1
"44388",7
"84130",2
"56858",1
"80337",1
"42349",1
"36145",1
"88267",3
"44137",13
"86698",2
"45529",1
"45899",2
"92259",2
"29491",2
"44627",2
"97440",1
"72270",2
"36414",1
"21077",14
"97791",3
"74429",1
"87776",2
"24537",1
"24972",2
"24145",1
"24217",2
"66978",1
"74182",1
"22089",7
"30169",1
"44879",9
"74252",2
"68309",1
"79843",1
"47661",2
"95514",1
"29487",1
"65388",3
"13597",1
"25491",2
"17358",2
"94158",2
"23774",3
"21398",1
"69439",1
"49846",1
"86571",3
"84048",3
"39356",2
"97904",1
"74673",4
"76698",1
"66450",1
"93173",1
"13599",1
"52349",2
"91481",1
"40597",13
"67316",3
"86747",1
"48499",1
"45473",1
"92723",3
"51709",2
"70469",1
"72459",2
"88094",3
"84094",1
"87730",1
"78664",1
"83544",1
"12459",1
"85456",1
"64747",3
"42111",2
"38704",3
"31141",2
"92721",1
"46145",1
"36277",1
"29699",4
"37170",2
"97959",1
"14109",1
"98631",1
"74928",2
"41464",1
"47199",1
"49632",3
"92717",1
"60313",1
"52080",1
"17322",1
"73529",2
"67754",1
"65624",1
"24855",1
"97469",2
"88142",2
"23779",1
"40479",14
"10997",1
"22763",10
"16727",1
"57548",1
"56589",2
"47169",1
"45219",10
"58095",1
"85235",2
"86854",1
"54308",3
"86742",1
"24238",1
"83236",3
"13125",2
"67661",1
"63864",1
"83362",1
"93161",1
"40599",12
"36272",3
"58513",1
"32105",1
"65556",1
"49681",1
"92363",2
"19063",1
"68723",2
"45884",1
"96117",2
"77797",4
"55597",1
"86465",2
"23715",1
"88529",1
"83471",1
"37085",3
"38229",1
"94065",1
"86554",2
"89423",1
"53577",2
"66877",1
"40211",5
"60549",2
"18510",2
"85464",1
"99734",1
"91287",1
"78253",1
"24997",1
"91230",2
"29579",2
"89346",2
"83623",1
"16792",1
"86911",2
"82396",1
"18147",4
"94437",2
"33175",1
"18574",2
"49163",1
"56269",1
"92714",1
"51377",1
"72181",1
"38239",3
"54611",1
"65618",1
"61352",2
"95515",1
"44532",1
"38556",1
"31626",2
"94568",2
"45657",2
"94547",1
"85283",1
"55124",2
"26936",2
"86444",1
"83209",1
"52399",1
"53773",1
"26486",2
"91471",1
"84036",2
"56281",1
"97753",3
"65396",2
"90584",3
"90439",1
"96191",2
"55569",2
"24937",3
"84181",2
"91596",1
"12055",1
"91097",2
"39576",2
"82405",4
"72636",1
"15537",1
"34128",2
"95682",1
"83547",1
"24306",1
"97903",2
"88285",1
"95707",2
"85080",1
"97261",2
"40470",10
"73489",2
"89608",1
"24649",2
"91590",1
"63872",1
"22955",2
"45661",2
"91801",1
"67159",1
"21369",1
"12305",12
"21641",1
"34314",3
"31600",1
"63773",1
"92280",1
"86165",2
"26384",1
"79252",1
"24250",2
"93167",1
"84432",1
"79410",1
"38559",1
"51067",7
"50933",6
"53117",1
"79215",3
"64754",2
"40233",16
"91580",1
"87700",1
"91338",2
"78087",1
"45279",11
"24106",1
"89312",2
"12687",13
"91325",1
"84100",1
"94345",1
"23919",2
"45145",13
"79258",2
"17375",1
"65527",2
"53489",1
"32839",1
"57577",1
"91740",1
"80933",1
"89191",1
"34277",1
"82205",1
"92263",2
"35418",2
"88287",2
"24897",1
"21438",1
"86676",1
"90587",1
"24644",1
"79104",2
"55494",2
"23775",1
"53909",1
"88639",1
"24242",1
"54516",1
"97456",3
"12587",2
"15910",1
"69412",1
"94369",1
"20257",10
"56349",3
"26901",2
"42579",3
"56218",3
"27404",1
"80993",1
"56588",1
"21401",1
"19079",2
"13129",1
"84552",1
"99625",2
"97723",1
"78343",4
"47441",2
"83278",3
"21337",1
"77836",3
"42855",1
"78194",2
"38822",1
"21218",3
"38474",2
"86456",1
"97727",3
"73728",1
"73111",2
"22417",7
"73272",3
"19300",2
"69120",2
"55286",2
"74862",2
"25858",1
"66629",1
"57610",1
"37434",1
"92700",1
"49624",1
"84180",2
"91469",1
"97525",1
"25462",2
"78739",2
"85113",1
"94116",2
"67823",1
"72813",5
"53474",1
"89155",1
"25495",1
"83022",1
"65187",3
"96342",1
"86931",3
"16767",1
"36269",1
"31749",6
"85630",1
"88161",2
"51469",2
"56154",2
"27356",2
"71277",1
"91731",1
"35796",1
"74579",3
"44269",3
"97497",3
"21785",2
"40593",7
"84091",1
"88690",2
"14195",1
"24253",1
"22769",13
"72639",3
"56337",3
"58099",2
"95491",1
"98530",1
"92342",2
"37697",1
"77972",1
"91628",3
"32108",2
"26817",2
"89179",2
"34369",1
"44229",13
"49699",1
"86655",2
"83646",1
"88630",2
"24248",3
"96215",1
"25594",1
"18190",1
"91587",1
"45143",12
"36284",1
"20255",10
"31717",1
"41063",1
"52441",1
"40789",2
"89293",2
"97520",2
"57586",1
"71570",1
"85137",2
"64625",1
"83080",1
"67697",3
"83371",3
"89605",2
"71579",2
"73230",1
"82433",2
"76726",1
"73560",1
"14612",1
"67472",4
"59199",2
"96190",3
"29576",2
"52355",2
"45883",1
"67655",1
"10367",1
"60599",1
"34477",1
"85604",1
"94342",1
"45149",6
"95028",1
"82401",2
"50767",8
"14943",2
"73547",2
"31061",1
"96269",1
"28865",1
"71263",1
"66780",1
"25782",2
"90489",2
"38321",2
"68259",1
"42109",2
"30167",2
"67141",1
"18347",3
"63619",1
"76461",1
"24640",1
"47647",1
"95191",1
"18195",1
"30982",1
"72514",2
"79274",1
"24980",1
"97816",1
"86405",2
"84434",1
"23558",1
"94244",2
"40217",5
"24791",4
"83024",2
"66111",2
"90613",2
"76437",1
"24963",1
"60386",3
"80539",3
"86513",1
"48167",1
"55618",1
"63486",1
"27432",1
"67310",2
"97799",1
"97239",1
"85609",2
"39279",2
"37431",2
"98669",1
"41239",1
"99755",3
"89610",1
"45356",7
"24235",3
"74391",1
"44147",14
"33014",2
"72461",1
"61200",2
"55299",1
"56237",3
"47166",1
"85567",1
"77977",1
"54550",1
"82439",1
"56410",1
"93488",2
"74251",1
"74076",3
"65510",3
"89257",2
"72147",4
"40474",6
"96135",1
"86565",2
"34590",1
"31622",1
"26571",2
"76777",1
"83708",3
"48431",1
"67677",1
"84503",2
"33824",1
"70327",1
"69429",2
"56648",1
"92361",1
"68307",3
"22149",7
"66126",1
"71065",1
"82287",1
"92268",1
"78564",1
"25889",1
"88489",2
"93090",1
"87654",1
"79879",1
"45701",1
"60308",7
"14798",2
"94372",1
"58515",1
"86872",2
"93170",2
"39646",1
"14656",1
"85560",1
"54528",1
"80801",1
"16556",2
"93358",1
"88374",2
"77787",1
"70195",2
"88451",1
"22767",10
"91332",1
"66687",1
"93099",1
"86853",1
"98716",1
"13407",1
"89435",2
"12357",2
"24148",1
"93186",2
"83339",3
"67368",4
"27628",2
"88353",1
"38879",1
"90607",1
"49586",1
"27578",1
"25899",1
"55545",3
"18551",2
"80687",1
"97228",2
"47138",3
"55481",1
"34117",3
"18565",2
"98694",2
"56346",3
"35043",1
"30916",1
"26579",1
"50765",12
"24321",1
"80634",2
"71549",2
"56645",2
"78078",1
"73499",2
"55585",1
"80538",2
"79865",1
"85716",1
"63225",1
"93047",1
"29562",1
"66625",1
"49084",2
"25721",1
"95234",2
"65191",1
"47058",2
"45257",9
"26759",1
"14469",1
"91608",2
"25885",1
"24850",2
"85659",2
"60318",1
"68804",2
"39619",1
"90530",1
"25860",3
"37299",1
"96123",3
"26931",1
"96450",1
"86609",1
"57578",1
"64405",2
"95237",1
"67824",1
"93149",2
"22851",3
"65835",4
"45133",8
"54429",1
"64839",2
"75389",3
"48351",4
"70197",2
"15746",1
"59427",1
"95500",1
"74635",1
"93096",1
"66646",1
"93495",1
"59069",3
"68789",1
"45327",8
"63691",2
"86753",1
"93345",1
"13349",2
"66484",2
"96185",1
"84166",1
"18057",3
"87600",3
"86899",1
"79594",2
"88046",1
"87534",1
"58540",1
"73105",1
"93185",1
"69251",1
"36148",1
"16307",2
"99338",2
